{"dataCount":25000,"dataIterations":10,"numberOfProbes":[2,3,4],"nodeDistributions":{"50 50":{"node1":50,"node2":50},"25 75":{"node1":25,"node2":75},"20 30 50":{"node1":20,"node2":30,"node3":50},"15 15 25 45":{"node1":15,"node2":15,"node3":25,"node4":45},"50 20 20 5 5":{"node1":50,"node2":20,"node3":20,"node4":5,"node5":5},"25 25 25 25":{"node1":25,"node2":25,"node3":25,"node4":25},"20 20 20 20 20":{"node1":20,"node2":20,"node3":20,"node4":20,"node5":20},"16.6 16.6 16.6 16.6 16.6 16.6":{"node1":16.666666666666668,"node2":16.666666666666668,"node3":16.666666666666668,"node4":16.666666666666668,"node5":16.666666666666668,"node6":16.666666666666668},"14.2857 14.2857 14.2857 14.2857 14.2857 14.2857 14.2857":{"node1":14.285714285714286,"node2":14.285714285714286,"node3":14.285714285714286,"node4":14.285714285714286,"node5":14.285714285714286,"node6":14.285714285714286,"node7":14.285714285714286},"12.5 12.5 12.5 12.5 12.5 12.5 12.5 12.5":{"node1":12.5,"node2":12.5,"node3":12.5,"node4":12.5,"node5":12.5,"node6":12.5,"node7":12.5,"node8":12.5},"11.1 11.1 11.1 11.1 11.1 11.1 11.1 11.1 11.1 11.1":{"node1":11.11111111111111,"node2":11.11111111111111,"node3":11.11111111111111,"node4":11.11111111111111,"node5":11.11111111111111,"node6":11.11111111111111,"node7":11.11111111111111,"node8":11.11111111111111,"node9":11.11111111111111},"10 10 10 10 10 10 10 10 10 10":{"node1":10,"node2":10,"node3":10,"node4":10,"node5":10,"node6":10,"node7":10,"node8":10,"node9":10,"node10":10},"9.09 9.09 9.09 9.09 9.09 9.09 9.09 9.09 9.09 9.09 9.09":{"node1":9.090909090909092,"node2":9.090909090909092,"node3":9.090909090909092,"node4":9.090909090909092,"node5":9.090909090909092,"node6":9.090909090909092,"node7":9.090909090909092,"node8":9.090909090909092,"node9":9.090909090909092,"node10":9.090909090909092,"node11":9.090909090909092},"3 1 5 1":{"node1":3,"node2":1,"node3":5,"node4":1},"1 1":{"node1":1,"node2":1},"1 1 1":{"node1":1,"node2":1,"node3":1},"1 1 1 1":{"node1":1,"node2":1,"node3":1,"node4":1},"1 1 1 1 1":{"node1":1,"node2":1,"node3":1,"node4":1,"node5":1}},"hashFunctionCombinations":["standard","accurate","crc32, md4","crc32, md5","crc32, sha1","crc32, sha256","crc32, sha3-224","crc32, sha512","md4, md5","md4, sha1","md4, sha256","md4, sha3-224","md4, sha512","md5, sha1","md5, sha256","md5, sha3-224","md5, sha512","sha1, sha256","sha1, sha3-224","sha1, sha512","sha256, sha3-224","sha256, sha512","sha3-224, sha512","crc32, md4, md5","crc32, md4, sha1","crc32, md4, sha256","crc32, md4, sha3-224","crc32, md4, sha512","crc32, md5, sha1","crc32, md5, sha256","crc32, md5, sha3-224","crc32, md5, sha512","crc32, sha1, sha256","crc32, sha1, sha3-224","crc32, sha1, sha512","crc32, sha256, sha3-224","crc32, sha256, sha512","crc32, sha3-224, sha512","md4, md5, sha1","md4, md5, sha256","md4, md5, sha3-224","md4, md5, sha512","md4, sha1, sha256","md4, sha1, sha3-224","md4, sha1, sha512","md4, sha256, sha3-224","md4, sha256, sha512","md4, sha3-224, sha512","md5, sha1, sha256","md5, sha1, sha3-224","md5, sha1, sha512","md5, sha256, sha3-224","md5, sha256, sha512","md5, sha3-224, sha512","sha1, sha256, sha3-224","sha1, sha256, sha512","sha1, sha3-224, sha512","sha256, sha3-224, sha512","crc32, md4, md5, sha1","crc32, md4, md5, sha256","crc32, md4, md5, sha3-224","crc32, md4, md5, sha512","crc32, md4, sha1, sha256","crc32, md4, sha1, sha3-224","crc32, md4, sha1, sha512","crc32, md4, sha256, sha3-224","crc32, md4, sha256, sha512","crc32, md4, sha3-224, sha512","crc32, md5, sha1, sha256","crc32, md5, sha1, sha3-224","crc32, md5, sha1, sha512","crc32, md5, sha256, sha3-224","crc32, md5, sha256, sha512","crc32, md5, sha3-224, sha512","crc32, sha1, sha256, sha3-224","crc32, sha1, sha256, sha512","crc32, sha1, sha3-224, sha512","crc32, sha256, sha3-224, sha512","md4, md5, sha1, sha256","md4, md5, sha1, sha3-224","md4, md5, sha1, sha512","md4, md5, sha256, sha3-224","md4, md5, sha256, sha512","md4, md5, sha3-224, sha512","md4, sha1, sha256, sha3-224","md4, sha1, sha256, sha512","md4, sha1, sha3-224, sha512","md4, sha256, sha3-224, sha512","md5, sha1, sha256, sha3-224","md5, sha1, sha256, sha512","md5, sha1, sha3-224, sha512","md5, sha256, sha3-224, sha512","sha1, sha256, sha3-224, sha512"]}